WorkerId;Age;Country;Gender;Type;Link
00fc9846ff346dcc73d8ed05d7766bcb;39;PH;FEMALE;portrait_1;00fc9846ff346dcc73d8ed05d7766bcb/portrait_1.jpg
00fc9846ff346dcc73d8ed05d7766bcb;39;PH;FEMALE;photo_1;00fc9846ff346dcc73d8ed05d7766bcb/photo_1.jpg
00fc9846ff346dcc73d8ed05d7766bcb;39;PH;FEMALE;photo_2;00fc9846ff346dcc73d8ed05d7766bcb/photo_2.jpg
00fc9846ff346dcc73d8ed05d7766bcb;39;PH;FEMALE;photo_3;00fc9846ff346dcc73d8ed05d7766bcb/photo_3.jpg
00fc9846ff346dcc73d8ed05d7766bcb;39;PH;FEMALE;photo_4;00fc9846ff346dcc73d8ed05d7766bcb/photo_4.jpg
00fc9846ff346dcc73d8ed05d7766bcb;39;PH;FEMALE;photo_5;00fc9846ff346dcc73d8ed05d7766bcb/photo_5.jpg
00fc9846ff346dcc73d8ed05d7766bcb;39;PH;FEMALE;photo_6;00fc9846ff346dcc73d8ed05d7766bcb/photo_6.jpg
00fc9846ff346dcc73d8ed05d7766bcb;39;PH;FEMALE;photo_7;00fc9846ff346dcc73d8ed05d7766bcb/photo_7.jpg
00fc9846ff346dcc73d8ed05d7766bcb;39;PH;FEMALE;photo_8;00fc9846ff346dcc73d8ed05d7766bcb/photo_8.jpg
00fc9846ff346dcc73d8ed05d7766bcb;39;PH;FEMALE;photo_9;00fc9846ff346dcc73d8ed05d7766bcb/photo_9.jpg
00fc9846ff346dcc73d8ed05d7766bcb;39;PH;FEMALE;photo_10;00fc9846ff346dcc73d8ed05d7766bcb/photo_10.jpg
00fc9846ff346dcc73d8ed05d7766bcb;39;PH;FEMALE;photo_11;00fc9846ff346dcc73d8ed05d7766bcb/photo_11.jpg
00fc9846ff346dcc73d8ed05d7766bcb;39;PH;FEMALE;photo_12;00fc9846ff346dcc73d8ed05d7766bcb/photo_12.jpg
00fc9846ff346dcc73d8ed05d7766bcb;39;PH;FEMALE;photo_13;00fc9846ff346dcc73d8ed05d7766bcb/photo_13.jpg
00fc9846ff346dcc73d8ed05d7766bcb;39;PH;FEMALE;photo_14;00fc9846ff346dcc73d8ed05d7766bcb/photo_14.jpg
00fc9846ff346dcc73d8ed05d7766bcb;39;PH;FEMALE;photo_15;00fc9846ff346dcc73d8ed05d7766bcb/photo_15.jpg
00fc9846ff346dcc73d8ed05d7766bcb;39;PH;FEMALE;photo_16;00fc9846ff346dcc73d8ed05d7766bcb/photo_16.jpg
00fc9846ff346dcc73d8ed05d7766bcb;39;PH;FEMALE;photo_17;00fc9846ff346dcc73d8ed05d7766bcb/photo_17.jpg
00fc9846ff346dcc73d8ed05d7766bcb;39;PH;FEMALE;photo_18;00fc9846ff346dcc73d8ed05d7766bcb/photo_18.jpg
00fc9846ff346dcc73d8ed05d7766bcb;39;PH;FEMALE;photo_19;00fc9846ff346dcc73d8ed05d7766bcb/photo_19.jpg
00fc9846ff346dcc73d8ed05d7766bcb;39;PH;FEMALE;photo_20;00fc9846ff346dcc73d8ed05d7766bcb/photo_20.jpg
00fc9846ff346dcc73d8ed05d7766bcb;39;PH;FEMALE;photo_21;00fc9846ff346dcc73d8ed05d7766bcb/photo_21.jpg
00fc9846ff346dcc73d8ed05d7766bcb;39;PH;FEMALE;photo_22;00fc9846ff346dcc73d8ed05d7766bcb/photo_22.jpg
00fc9846ff346dcc73d8ed05d7766bcb;39;PH;FEMALE;photo_23;00fc9846ff346dcc73d8ed05d7766bcb/photo_23.jpg
00fc9846ff346dcc73d8ed05d7766bcb;39;PH;FEMALE;photo_24;00fc9846ff346dcc73d8ed05d7766bcb/photo_24.jpg
00fc9846ff346dcc73d8ed05d7766bcb;39;PH;FEMALE;photo_25;00fc9846ff346dcc73d8ed05d7766bcb/photo_25.jpg
00fc9846ff346dcc73d8ed05d7766bcb;39;PH;FEMALE;photo_26;00fc9846ff346dcc73d8ed05d7766bcb/photo_26.jpg
0105515592348cc19375278371f65fd2;31;IN;MALE;portrait_1;0105515592348cc19375278371f65fd2/portrait_1.jpg
0105515592348cc19375278371f65fd2;31;IN;MALE;photo_1;0105515592348cc19375278371f65fd2/photo_1.jpg
0105515592348cc19375278371f65fd2;31;IN;MALE;photo_2;0105515592348cc19375278371f65fd2/photo_2.jpg
0105515592348cc19375278371f65fd2;31;IN;MALE;photo_3;0105515592348cc19375278371f65fd2/photo_3.jpg
0105515592348cc19375278371f65fd2;31;IN;MALE;photo_4;0105515592348cc19375278371f65fd2/photo_4.jpg
0105515592348cc19375278371f65fd2;31;IN;MALE;photo_5;0105515592348cc19375278371f65fd2/photo_5.jpg
0105515592348cc19375278371f65fd2;31;IN;MALE;photo_6;0105515592348cc19375278371f65fd2/photo_6.jpg
0105515592348cc19375278371f65fd2;31;IN;MALE;photo_7;0105515592348cc19375278371f65fd2/photo_7.jpg
0105515592348cc19375278371f65fd2;31;IN;MALE;photo_8;0105515592348cc19375278371f65fd2/photo_8.jpg
0105515592348cc19375278371f65fd2;31;IN;MALE;photo_9;0105515592348cc19375278371f65fd2/photo_9.jpg
0105515592348cc19375278371f65fd2;31;IN;MALE;photo_10;0105515592348cc19375278371f65fd2/photo_10.jpg
0105515592348cc19375278371f65fd2;31;IN;MALE;photo_11;0105515592348cc19375278371f65fd2/photo_11.jpg
0105515592348cc19375278371f65fd2;31;IN;MALE;photo_12;0105515592348cc19375278371f65fd2/photo_12.jpg
0105515592348cc19375278371f65fd2;31;IN;MALE;photo_13;0105515592348cc19375278371f65fd2/photo_13.jpg
0105515592348cc19375278371f65fd2;31;IN;MALE;photo_14;0105515592348cc19375278371f65fd2/photo_14.jpg
0105515592348cc19375278371f65fd2;31;IN;MALE;photo_15;0105515592348cc19375278371f65fd2/photo_15.jpg
0105515592348cc19375278371f65fd2;31;IN;MALE;photo_16;0105515592348cc19375278371f65fd2/photo_16.jpg
0105515592348cc19375278371f65fd2;31;IN;MALE;photo_17;0105515592348cc19375278371f65fd2/photo_17.jpg
0105515592348cc19375278371f65fd2;31;IN;MALE;photo_18;0105515592348cc19375278371f65fd2/photo_18.jpg
0105515592348cc19375278371f65fd2;31;IN;MALE;photo_19;0105515592348cc19375278371f65fd2/photo_19.jpg
0105515592348cc19375278371f65fd2;31;IN;MALE;photo_20;0105515592348cc19375278371f65fd2/photo_20.jpg
0105515592348cc19375278371f65fd2;31;IN;MALE;photo_21;0105515592348cc19375278371f65fd2/photo_21.jpg
0105515592348cc19375278371f65fd2;31;IN;MALE;photo_22;0105515592348cc19375278371f65fd2/photo_22.jpg
0105515592348cc19375278371f65fd2;31;IN;MALE;photo_23;0105515592348cc19375278371f65fd2/photo_23.jpg
0105515592348cc19375278371f65fd2;31;IN;MALE;photo_24;0105515592348cc19375278371f65fd2/photo_24.jpg
0105515592348cc19375278371f65fd2;31;IN;MALE;photo_25;0105515592348cc19375278371f65fd2/photo_25.jpg
0105515592348cc19375278371f65fd2;31;IN;MALE;photo_26;0105515592348cc19375278371f65fd2/photo_26.jpg
0639f062ebee7f31ccafb5e2bcb570ef;30;PK;MALE;portrait_1;0639f062ebee7f31ccafb5e2bcb570ef/portrait_1.jpg
0639f062ebee7f31ccafb5e2bcb570ef;30;PK;MALE;photo_1;0639f062ebee7f31ccafb5e2bcb570ef/photo_1.jpg
0639f062ebee7f31ccafb5e2bcb570ef;30;PK;MALE;photo_2;0639f062ebee7f31ccafb5e2bcb570ef/photo_2.jpg
0639f062ebee7f31ccafb5e2bcb570ef;30;PK;MALE;photo_3;0639f062ebee7f31ccafb5e2bcb570ef/photo_3.jpg
0639f062ebee7f31ccafb5e2bcb570ef;30;PK;MALE;photo_4;0639f062ebee7f31ccafb5e2bcb570ef/photo_4.jpg
0639f062ebee7f31ccafb5e2bcb570ef;30;PK;MALE;photo_5;0639f062ebee7f31ccafb5e2bcb570ef/photo_5.jpg
0639f062ebee7f31ccafb5e2bcb570ef;30;PK;MALE;photo_6;0639f062ebee7f31ccafb5e2bcb570ef/photo_6.jpg
0639f062ebee7f31ccafb5e2bcb570ef;30;PK;MALE;photo_7;0639f062ebee7f31ccafb5e2bcb570ef/photo_7.jpg
0639f062ebee7f31ccafb5e2bcb570ef;30;PK;MALE;photo_8;0639f062ebee7f31ccafb5e2bcb570ef/photo_8.jpg
0639f062ebee7f31ccafb5e2bcb570ef;30;PK;MALE;photo_9;0639f062ebee7f31ccafb5e2bcb570ef/photo_9.jpg
0639f062ebee7f31ccafb5e2bcb570ef;30;PK;MALE;photo_10;0639f062ebee7f31ccafb5e2bcb570ef/photo_10.jpg
0639f062ebee7f31ccafb5e2bcb570ef;30;PK;MALE;photo_11;0639f062ebee7f31ccafb5e2bcb570ef/photo_11.jpg
0639f062ebee7f31ccafb5e2bcb570ef;30;PK;MALE;photo_12;0639f062ebee7f31ccafb5e2bcb570ef/photo_12.jpg
0639f062ebee7f31ccafb5e2bcb570ef;30;PK;MALE;photo_13;0639f062ebee7f31ccafb5e2bcb570ef/photo_13.jpg
0639f062ebee7f31ccafb5e2bcb570ef;30;PK;MALE;photo_14;0639f062ebee7f31ccafb5e2bcb570ef/photo_14.jpg
0639f062ebee7f31ccafb5e2bcb570ef;30;PK;MALE;photo_15;0639f062ebee7f31ccafb5e2bcb570ef/photo_15.jpg
0639f062ebee7f31ccafb5e2bcb570ef;30;PK;MALE;photo_16;0639f062ebee7f31ccafb5e2bcb570ef/photo_16.jpg
0639f062ebee7f31ccafb5e2bcb570ef;30;PK;MALE;photo_17;0639f062ebee7f31ccafb5e2bcb570ef/photo_17.jpg
0639f062ebee7f31ccafb5e2bcb570ef;30;PK;MALE;photo_18;0639f062ebee7f31ccafb5e2bcb570ef/photo_18.jpg
0639f062ebee7f31ccafb5e2bcb570ef;30;PK;MALE;photo_19;0639f062ebee7f31ccafb5e2bcb570ef/photo_19.jpg
0639f062ebee7f31ccafb5e2bcb570ef;30;PK;MALE;photo_20;0639f062ebee7f31ccafb5e2bcb570ef/photo_20.jpg
0639f062ebee7f31ccafb5e2bcb570ef;30;PK;MALE;photo_21;0639f062ebee7f31ccafb5e2bcb570ef/photo_21.jpg
0639f062ebee7f31ccafb5e2bcb570ef;30;PK;MALE;photo_22;0639f062ebee7f31ccafb5e2bcb570ef/photo_22.jpg
0639f062ebee7f31ccafb5e2bcb570ef;30;PK;MALE;photo_23;0639f062ebee7f31ccafb5e2bcb570ef/photo_23.jpg
0639f062ebee7f31ccafb5e2bcb570ef;30;PK;MALE;photo_24;0639f062ebee7f31ccafb5e2bcb570ef/photo_24.jpg
0639f062ebee7f31ccafb5e2bcb570ef;30;PK;MALE;photo_25;0639f062ebee7f31ccafb5e2bcb570ef/photo_25.jpg
0639f062ebee7f31ccafb5e2bcb570ef;30;PK;MALE;photo_26;0639f062ebee7f31ccafb5e2bcb570ef/photo_26.jpg
06421a0f6347119bd7c73631e4888bbe;20;IN;MALE;portrait_1;06421a0f6347119bd7c73631e4888bbe/portrait_1.jpg
06421a0f6347119bd7c73631e4888bbe;20;IN;MALE;photo_1;06421a0f6347119bd7c73631e4888bbe/photo_1.jpg
06421a0f6347119bd7c73631e4888bbe;20;IN;MALE;photo_2;06421a0f6347119bd7c73631e4888bbe/photo_2.jpg
06421a0f6347119bd7c73631e4888bbe;20;IN;MALE;photo_3;06421a0f6347119bd7c73631e4888bbe/photo_3.jpg
06421a0f6347119bd7c73631e4888bbe;20;IN;MALE;photo_4;06421a0f6347119bd7c73631e4888bbe/photo_4.jpg
06421a0f6347119bd7c73631e4888bbe;20;IN;MALE;photo_5;06421a0f6347119bd7c73631e4888bbe/photo_5.jpg
06421a0f6347119bd7c73631e4888bbe;20;IN;MALE;photo_6;06421a0f6347119bd7c73631e4888bbe/photo_6.jpg
06421a0f6347119bd7c73631e4888bbe;20;IN;MALE;photo_7;06421a0f6347119bd7c73631e4888bbe/photo_7.jpg
06421a0f6347119bd7c73631e4888bbe;20;IN;MALE;photo_8;06421a0f6347119bd7c73631e4888bbe/photo_8.jpg
06421a0f6347119bd7c73631e4888bbe;20;IN;MALE;photo_9;06421a0f6347119bd7c73631e4888bbe/photo_9.jpg
06421a0f6347119bd7c73631e4888bbe;20;IN;MALE;photo_10;06421a0f6347119bd7c73631e4888bbe/photo_10.heic
06421a0f6347119bd7c73631e4888bbe;20;IN;MALE;photo_11;06421a0f6347119bd7c73631e4888bbe/photo_11.jpg
06421a0f6347119bd7c73631e4888bbe;20;IN;MALE;photo_12;06421a0f6347119bd7c73631e4888bbe/photo_12.jpg
06421a0f6347119bd7c73631e4888bbe;20;IN;MALE;photo_13;06421a0f6347119bd7c73631e4888bbe/photo_13.jpg
06421a0f6347119bd7c73631e4888bbe;20;IN;MALE;photo_14;06421a0f6347119bd7c73631e4888bbe/photo_14.jpg
06421a0f6347119bd7c73631e4888bbe;20;IN;MALE;photo_15;06421a0f6347119bd7c73631e4888bbe/photo_15.jpg
06421a0f6347119bd7c73631e4888bbe;20;IN;MALE;photo_16;06421a0f6347119bd7c73631e4888bbe/photo_16.jpg
06421a0f6347119bd7c73631e4888bbe;20;IN;MALE;photo_17;06421a0f6347119bd7c73631e4888bbe/photo_17.jpg
06421a0f6347119bd7c73631e4888bbe;20;IN;MALE;photo_18;06421a0f6347119bd7c73631e4888bbe/photo_18.jpg
06421a0f6347119bd7c73631e4888bbe;20;IN;MALE;photo_19;06421a0f6347119bd7c73631e4888bbe/photo_19.jpg
06421a0f6347119bd7c73631e4888bbe;20;IN;MALE;photo_20;06421a0f6347119bd7c73631e4888bbe/photo_20.jpg
06421a0f6347119bd7c73631e4888bbe;20;IN;MALE;photo_21;06421a0f6347119bd7c73631e4888bbe/photo_21.jpg
06421a0f6347119bd7c73631e4888bbe;20;IN;MALE;photo_22;06421a0f6347119bd7c73631e4888bbe/photo_22.heic
06421a0f6347119bd7c73631e4888bbe;20;IN;MALE;photo_23;06421a0f6347119bd7c73631e4888bbe/photo_23.heic
06421a0f6347119bd7c73631e4888bbe;20;IN;MALE;photo_24;06421a0f6347119bd7c73631e4888bbe/photo_24.jpg
06421a0f6347119bd7c73631e4888bbe;20;IN;MALE;photo_25;06421a0f6347119bd7c73631e4888bbe/photo_25.jpg
06421a0f6347119bd7c73631e4888bbe;20;IN;MALE;photo_26;06421a0f6347119bd7c73631e4888bbe/photo_26.jpg
078f58fe3282e05aa9ec45de1d300725;22;PH;FEMALE;portrait_1;078f58fe3282e05aa9ec45de1d300725/portrait_1.jpg
078f58fe3282e05aa9ec45de1d300725;22;PH;FEMALE;photo_1;078f58fe3282e05aa9ec45de1d300725/photo_1.png
078f58fe3282e05aa9ec45de1d300725;22;PH;FEMALE;photo_2;078f58fe3282e05aa9ec45de1d300725/photo_2.png
078f58fe3282e05aa9ec45de1d300725;22;PH;FEMALE;photo_3;078f58fe3282e05aa9ec45de1d300725/photo_3.png
078f58fe3282e05aa9ec45de1d300725;22;PH;FEMALE;photo_4;078f58fe3282e05aa9ec45de1d300725/photo_4.png
078f58fe3282e05aa9ec45de1d300725;22;PH;FEMALE;photo_5;078f58fe3282e05aa9ec45de1d300725/photo_5.png
078f58fe3282e05aa9ec45de1d300725;22;PH;FEMALE;photo_6;078f58fe3282e05aa9ec45de1d300725/photo_6.png
078f58fe3282e05aa9ec45de1d300725;22;PH;FEMALE;photo_7;078f58fe3282e05aa9ec45de1d300725/photo_7.jpg
078f58fe3282e05aa9ec45de1d300725;22;PH;FEMALE;photo_8;078f58fe3282e05aa9ec45de1d300725/photo_8.png
078f58fe3282e05aa9ec45de1d300725;22;PH;FEMALE;photo_9;078f58fe3282e05aa9ec45de1d300725/photo_9.png
078f58fe3282e05aa9ec45de1d300725;22;PH;FEMALE;photo_10;078f58fe3282e05aa9ec45de1d300725/photo_10.png
078f58fe3282e05aa9ec45de1d300725;22;PH;FEMALE;photo_11;078f58fe3282e05aa9ec45de1d300725/photo_11.png
078f58fe3282e05aa9ec45de1d300725;22;PH;FEMALE;photo_12;078f58fe3282e05aa9ec45de1d300725/photo_12.png
078f58fe3282e05aa9ec45de1d300725;22;PH;FEMALE;photo_13;078f58fe3282e05aa9ec45de1d300725/photo_13.png
078f58fe3282e05aa9ec45de1d300725;22;PH;FEMALE;photo_14;078f58fe3282e05aa9ec45de1d300725/photo_14.png
078f58fe3282e05aa9ec45de1d300725;22;PH;FEMALE;photo_15;078f58fe3282e05aa9ec45de1d300725/photo_15.png
078f58fe3282e05aa9ec45de1d300725;22;PH;FEMALE;photo_16;078f58fe3282e05aa9ec45de1d300725/photo_16.png
078f58fe3282e05aa9ec45de1d300725;22;PH;FEMALE;photo_17;078f58fe3282e05aa9ec45de1d300725/photo_17.png
078f58fe3282e05aa9ec45de1d300725;22;PH;FEMALE;photo_18;078f58fe3282e05aa9ec45de1d300725/photo_18.png
078f58fe3282e05aa9ec45de1d300725;22;PH;FEMALE;photo_19;078f58fe3282e05aa9ec45de1d300725/photo_19.png
078f58fe3282e05aa9ec45de1d300725;22;PH;FEMALE;photo_20;078f58fe3282e05aa9ec45de1d300725/photo_20.jpg
078f58fe3282e05aa9ec45de1d300725;22;PH;FEMALE;photo_21;078f58fe3282e05aa9ec45de1d300725/photo_21.jpg
078f58fe3282e05aa9ec45de1d300725;22;PH;FEMALE;photo_22;078f58fe3282e05aa9ec45de1d300725/photo_22.png
078f58fe3282e05aa9ec45de1d300725;22;PH;FEMALE;photo_23;078f58fe3282e05aa9ec45de1d300725/photo_23.jpg
078f58fe3282e05aa9ec45de1d300725;22;PH;FEMALE;photo_24;078f58fe3282e05aa9ec45de1d300725/photo_24.png
078f58fe3282e05aa9ec45de1d300725;22;PH;FEMALE;photo_25;078f58fe3282e05aa9ec45de1d300725/photo_25.png
078f58fe3282e05aa9ec45de1d300725;22;PH;FEMALE;photo_26;078f58fe3282e05aa9ec45de1d300725/photo_26.png
091bf0849dbdc353cd5cc31a811cf13d;48;PK;MALE;portrait_1;091bf0849dbdc353cd5cc31a811cf13d/portrait_1.jpg
091bf0849dbdc353cd5cc31a811cf13d;48;PK;MALE;photo_1;091bf0849dbdc353cd5cc31a811cf13d/photo_1.jpg
091bf0849dbdc353cd5cc31a811cf13d;48;PK;MALE;photo_2;091bf0849dbdc353cd5cc31a811cf13d/photo_2.jpg
091bf0849dbdc353cd5cc31a811cf13d;48;PK;MALE;photo_3;091bf0849dbdc353cd5cc31a811cf13d/photo_3.jpg
091bf0849dbdc353cd5cc31a811cf13d;48;PK;MALE;photo_4;091bf0849dbdc353cd5cc31a811cf13d/photo_4.jpg
091bf0849dbdc353cd5cc31a811cf13d;48;PK;MALE;photo_5;091bf0849dbdc353cd5cc31a811cf13d/photo_5.jpg
091bf0849dbdc353cd5cc31a811cf13d;48;PK;MALE;photo_6;091bf0849dbdc353cd5cc31a811cf13d/photo_6.jpg
091bf0849dbdc353cd5cc31a811cf13d;48;PK;MALE;photo_7;091bf0849dbdc353cd5cc31a811cf13d/photo_7.jpg
091bf0849dbdc353cd5cc31a811cf13d;48;PK;MALE;photo_8;091bf0849dbdc353cd5cc31a811cf13d/photo_8.jpg
091bf0849dbdc353cd5cc31a811cf13d;48;PK;MALE;photo_9;091bf0849dbdc353cd5cc31a811cf13d/photo_9.jpg
091bf0849dbdc353cd5cc31a811cf13d;48;PK;MALE;photo_10;091bf0849dbdc353cd5cc31a811cf13d/photo_10.jpg
091bf0849dbdc353cd5cc31a811cf13d;48;PK;MALE;photo_11;091bf0849dbdc353cd5cc31a811cf13d/photo_11.jpg
091bf0849dbdc353cd5cc31a811cf13d;48;PK;MALE;photo_12;091bf0849dbdc353cd5cc31a811cf13d/photo_12.jpg
091bf0849dbdc353cd5cc31a811cf13d;48;PK;MALE;photo_13;091bf0849dbdc353cd5cc31a811cf13d/photo_13.jpg
091bf0849dbdc353cd5cc31a811cf13d;48;PK;MALE;photo_14;091bf0849dbdc353cd5cc31a811cf13d/photo_14.jpg
091bf0849dbdc353cd5cc31a811cf13d;48;PK;MALE;photo_15;091bf0849dbdc353cd5cc31a811cf13d/photo_15.jpg
091bf0849dbdc353cd5cc31a811cf13d;48;PK;MALE;photo_16;091bf0849dbdc353cd5cc31a811cf13d/photo_16.jpg
091bf0849dbdc353cd5cc31a811cf13d;48;PK;MALE;photo_17;091bf0849dbdc353cd5cc31a811cf13d/photo_17.jpg
091bf0849dbdc353cd5cc31a811cf13d;48;PK;MALE;photo_18;091bf0849dbdc353cd5cc31a811cf13d/photo_18.jpg
091bf0849dbdc353cd5cc31a811cf13d;48;PK;MALE;photo_19;091bf0849dbdc353cd5cc31a811cf13d/photo_19.jpg
091bf0849dbdc353cd5cc31a811cf13d;48;PK;MALE;photo_20;091bf0849dbdc353cd5cc31a811cf13d/photo_20.jpg
091bf0849dbdc353cd5cc31a811cf13d;48;PK;MALE;photo_21;091bf0849dbdc353cd5cc31a811cf13d/photo_21.jpg
091bf0849dbdc353cd5cc31a811cf13d;48;PK;MALE;photo_22;091bf0849dbdc353cd5cc31a811cf13d/photo_22.jpg
091bf0849dbdc353cd5cc31a811cf13d;48;PK;MALE;photo_23;091bf0849dbdc353cd5cc31a811cf13d/photo_23.jpg
091bf0849dbdc353cd5cc31a811cf13d;48;PK;MALE;photo_24;091bf0849dbdc353cd5cc31a811cf13d/photo_24.jpg
091bf0849dbdc353cd5cc31a811cf13d;48;PK;MALE;photo_25;091bf0849dbdc353cd5cc31a811cf13d/photo_25.jpg
091bf0849dbdc353cd5cc31a811cf13d;48;PK;MALE;photo_26;091bf0849dbdc353cd5cc31a811cf13d/photo_26.jpg
0bc744379cd05bc4d4f526405808073e;28;PK;MALE;portrait_1;0bc744379cd05bc4d4f526405808073e/portrait_1.jpg
0bc744379cd05bc4d4f526405808073e;28;PK;MALE;photo_1;0bc744379cd05bc4d4f526405808073e/photo_1.jpg
0bc744379cd05bc4d4f526405808073e;28;PK;MALE;photo_2;0bc744379cd05bc4d4f526405808073e/photo_2.jpg
0bc744379cd05bc4d4f526405808073e;28;PK;MALE;photo_3;0bc744379cd05bc4d4f526405808073e/photo_3.jpg
0bc744379cd05bc4d4f526405808073e;28;PK;MALE;photo_4;0bc744379cd05bc4d4f526405808073e/photo_4.jpg
0bc744379cd05bc4d4f526405808073e;28;PK;MALE;photo_5;0bc744379cd05bc4d4f526405808073e/photo_5.jpeg
0bc744379cd05bc4d4f526405808073e;28;PK;MALE;photo_6;0bc744379cd05bc4d4f526405808073e/photo_6.jpeg
0bc744379cd05bc4d4f526405808073e;28;PK;MALE;photo_7;0bc744379cd05bc4d4f526405808073e/photo_7.jpeg
0bc744379cd05bc4d4f526405808073e;28;PK;MALE;photo_8;0bc744379cd05bc4d4f526405808073e/photo_8.jpeg
0bc744379cd05bc4d4f526405808073e;28;PK;MALE;photo_9;0bc744379cd05bc4d4f526405808073e/photo_9.jpeg
0bc744379cd05bc4d4f526405808073e;28;PK;MALE;photo_10;0bc744379cd05bc4d4f526405808073e/photo_10.jpg
0bc744379cd05bc4d4f526405808073e;28;PK;MALE;photo_11;0bc744379cd05bc4d4f526405808073e/photo_11.jpg
0bc744379cd05bc4d4f526405808073e;28;PK;MALE;photo_12;0bc744379cd05bc4d4f526405808073e/photo_12.jpg
0bc744379cd05bc4d4f526405808073e;28;PK;MALE;photo_13;0bc744379cd05bc4d4f526405808073e/photo_13.jpg
0bc744379cd05bc4d4f526405808073e;28;PK;MALE;photo_14;0bc744379cd05bc4d4f526405808073e/photo_14.jpg
0bc744379cd05bc4d4f526405808073e;28;PK;MALE;photo_15;0bc744379cd05bc4d4f526405808073e/photo_15.jpg
0bc744379cd05bc4d4f526405808073e;28;PK;MALE;photo_16;0bc744379cd05bc4d4f526405808073e/photo_16.jpeg
0bc744379cd05bc4d4f526405808073e;28;PK;MALE;photo_17;0bc744379cd05bc4d4f526405808073e/photo_17.jpg
0bc744379cd05bc4d4f526405808073e;28;PK;MALE;photo_18;0bc744379cd05bc4d4f526405808073e/photo_18.jpg
0bc744379cd05bc4d4f526405808073e;28;PK;MALE;photo_19;0bc744379cd05bc4d4f526405808073e/photo_19.jpg
0bc744379cd05bc4d4f526405808073e;28;PK;MALE;photo_20;0bc744379cd05bc4d4f526405808073e/photo_20.jpg
0bc744379cd05bc4d4f526405808073e;28;PK;MALE;photo_21;0bc744379cd05bc4d4f526405808073e/photo_21.jpg
0bc744379cd05bc4d4f526405808073e;28;PK;MALE;photo_22;0bc744379cd05bc4d4f526405808073e/photo_22.jpg
0bc744379cd05bc4d4f526405808073e;28;PK;MALE;photo_23;0bc744379cd05bc4d4f526405808073e/photo_23.jpg
0bc744379cd05bc4d4f526405808073e;28;PK;MALE;photo_24;0bc744379cd05bc4d4f526405808073e/photo_24.jpg
0bc744379cd05bc4d4f526405808073e;28;PK;MALE;photo_25;0bc744379cd05bc4d4f526405808073e/photo_25.jpg
0bc744379cd05bc4d4f526405808073e;28;PK;MALE;photo_26;0bc744379cd05bc4d4f526405808073e/photo_26.jpg
0c37e22e51e6e29c38f05b87cc7a23e2;18;IN;FEMALE;portrait_1;0c37e22e51e6e29c38f05b87cc7a23e2/portrait_1.jpg
0c37e22e51e6e29c38f05b87cc7a23e2;18;IN;FEMALE;photo_1;0c37e22e51e6e29c38f05b87cc7a23e2/photo_1.jpg
0c37e22e51e6e29c38f05b87cc7a23e2;18;IN;FEMALE;photo_2;0c37e22e51e6e29c38f05b87cc7a23e2/photo_2.jpg
0c37e22e51e6e29c38f05b87cc7a23e2;18;IN;FEMALE;photo_3;0c37e22e51e6e29c38f05b87cc7a23e2/photo_3.jpg
0c37e22e51e6e29c38f05b87cc7a23e2;18;IN;FEMALE;photo_4;0c37e22e51e6e29c38f05b87cc7a23e2/photo_4.jpg
0c37e22e51e6e29c38f05b87cc7a23e2;18;IN;FEMALE;photo_5;0c37e22e51e6e29c38f05b87cc7a23e2/photo_5.jpg
0c37e22e51e6e29c38f05b87cc7a23e2;18;IN;FEMALE;photo_6;0c37e22e51e6e29c38f05b87cc7a23e2/photo_6.jpg
0c37e22e51e6e29c38f05b87cc7a23e2;18;IN;FEMALE;photo_7;0c37e22e51e6e29c38f05b87cc7a23e2/photo_7.jpg
0c37e22e51e6e29c38f05b87cc7a23e2;18;IN;FEMALE;photo_8;0c37e22e51e6e29c38f05b87cc7a23e2/photo_8.jpg
0c37e22e51e6e29c38f05b87cc7a23e2;18;IN;FEMALE;photo_9;0c37e22e51e6e29c38f05b87cc7a23e2/photo_9.jpg
0c37e22e51e6e29c38f05b87cc7a23e2;18;IN;FEMALE;photo_10;0c37e22e51e6e29c38f05b87cc7a23e2/photo_10.jpg
0c37e22e51e6e29c38f05b87cc7a23e2;18;IN;FEMALE;photo_11;0c37e22e51e6e29c38f05b87cc7a23e2/photo_11.jpg
0c37e22e51e6e29c38f05b87cc7a23e2;18;IN;FEMALE;photo_12;0c37e22e51e6e29c38f05b87cc7a23e2/photo_12.jpg
0c37e22e51e6e29c38f05b87cc7a23e2;18;IN;FEMALE;photo_13;0c37e22e51e6e29c38f05b87cc7a23e2/photo_13.jpg
0c37e22e51e6e29c38f05b87cc7a23e2;18;IN;FEMALE;photo_14;0c37e22e51e6e29c38f05b87cc7a23e2/photo_14.jpg
0c37e22e51e6e29c38f05b87cc7a23e2;18;IN;FEMALE;photo_15;0c37e22e51e6e29c38f05b87cc7a23e2/photo_15.jpg
0c37e22e51e6e29c38f05b87cc7a23e2;18;IN;FEMALE;photo_16;0c37e22e51e6e29c38f05b87cc7a23e2/photo_16.jpg
0c37e22e51e6e29c38f05b87cc7a23e2;18;IN;FEMALE;photo_17;0c37e22e51e6e29c38f05b87cc7a23e2/photo_17.jpg
0c37e22e51e6e29c38f05b87cc7a23e2;18;IN;FEMALE;photo_18;0c37e22e51e6e29c38f05b87cc7a23e2/photo_18.jpg
0c37e22e51e6e29c38f05b87cc7a23e2;18;IN;FEMALE;photo_19;0c37e22e51e6e29c38f05b87cc7a23e2/photo_19.jpg
0c37e22e51e6e29c38f05b87cc7a23e2;18;IN;FEMALE;photo_20;0c37e22e51e6e29c38f05b87cc7a23e2/photo_20.jpg
0c37e22e51e6e29c38f05b87cc7a23e2;18;IN;FEMALE;photo_21;0c37e22e51e6e29c38f05b87cc7a23e2/photo_21.jpg
0c37e22e51e6e29c38f05b87cc7a23e2;18;IN;FEMALE;photo_22;0c37e22e51e6e29c38f05b87cc7a23e2/photo_22.jpg
0c37e22e51e6e29c38f05b87cc7a23e2;18;IN;FEMALE;photo_23;0c37e22e51e6e29c38f05b87cc7a23e2/photo_23.jpg
0c37e22e51e6e29c38f05b87cc7a23e2;18;IN;FEMALE;photo_24;0c37e22e51e6e29c38f05b87cc7a23e2/photo_24.jpg
0c37e22e51e6e29c38f05b87cc7a23e2;18;IN;FEMALE;photo_25;0c37e22e51e6e29c38f05b87cc7a23e2/photo_25.jpg
0c37e22e51e6e29c38f05b87cc7a23e2;18;IN;FEMALE;photo_26;0c37e22e51e6e29c38f05b87cc7a23e2/photo_26.jpg
0e8ee63df42e6ace20f61749b4f6274b;29;PH;MALE;portrait_1;0e8ee63df42e6ace20f61749b4f6274b/portrait_1.jpg
0e8ee63df42e6ace20f61749b4f6274b;29;PH;MALE;photo_1;0e8ee63df42e6ace20f61749b4f6274b/photo_1.JPG
0e8ee63df42e6ace20f61749b4f6274b;29;PH;MALE;photo_2;0e8ee63df42e6ace20f61749b4f6274b/photo_2.JPG
0e8ee63df42e6ace20f61749b4f6274b;29;PH;MALE;photo_3;0e8ee63df42e6ace20f61749b4f6274b/photo_3.JPG
0e8ee63df42e6ace20f61749b4f6274b;29;PH;MALE;photo_4;0e8ee63df42e6ace20f61749b4f6274b/photo_4.JPG
0e8ee63df42e6ace20f61749b4f6274b;29;PH;MALE;photo_5;0e8ee63df42e6ace20f61749b4f6274b/photo_5.JPG
0e8ee63df42e6ace20f61749b4f6274b;29;PH;MALE;photo_6;0e8ee63df42e6ace20f61749b4f6274b/photo_6.JPG
0e8ee63df42e6ace20f61749b4f6274b;29;PH;MALE;photo_7;0e8ee63df42e6ace20f61749b4f6274b/photo_7.jpg
0e8ee63df42e6ace20f61749b4f6274b;29;PH;MALE;photo_8;0e8ee63df42e6ace20f61749b4f6274b/photo_8.jpg
0e8ee63df42e6ace20f61749b4f6274b;29;PH;MALE;photo_9;0e8ee63df42e6ace20f61749b4f6274b/photo_9.jpg
0e8ee63df42e6ace20f61749b4f6274b;29;PH;MALE;photo_10;0e8ee63df42e6ace20f61749b4f6274b/photo_10.jpg
0e8ee63df42e6ace20f61749b4f6274b;29;PH;MALE;photo_11;0e8ee63df42e6ace20f61749b4f6274b/photo_11.jpg
0e8ee63df42e6ace20f61749b4f6274b;29;PH;MALE;photo_12;0e8ee63df42e6ace20f61749b4f6274b/photo_12.jpg
0e8ee63df42e6ace20f61749b4f6274b;29;PH;MALE;photo_13;0e8ee63df42e6ace20f61749b4f6274b/photo_13.jpg
0e8ee63df42e6ace20f61749b4f6274b;29;PH;MALE;photo_14;0e8ee63df42e6ace20f61749b4f6274b/photo_14.jpg
0e8ee63df42e6ace20f61749b4f6274b;29;PH;MALE;photo_15;0e8ee63df42e6ace20f61749b4f6274b/photo_15.jpg
0e8ee63df42e6ace20f61749b4f6274b;29;PH;MALE;photo_16;0e8ee63df42e6ace20f61749b4f6274b/photo_16.jpg
0e8ee63df42e6ace20f61749b4f6274b;29;PH;MALE;photo_17;0e8ee63df42e6ace20f61749b4f6274b/photo_17.jpg
0e8ee63df42e6ace20f61749b4f6274b;29;PH;MALE;photo_18;0e8ee63df42e6ace20f61749b4f6274b/photo_18.jpg
0e8ee63df42e6ace20f61749b4f6274b;29;PH;MALE;photo_19;0e8ee63df42e6ace20f61749b4f6274b/photo_19.jpg
0e8ee63df42e6ace20f61749b4f6274b;29;PH;MALE;photo_20;0e8ee63df42e6ace20f61749b4f6274b/photo_20.jpg
0e8ee63df42e6ace20f61749b4f6274b;29;PH;MALE;photo_21;0e8ee63df42e6ace20f61749b4f6274b/photo_21.jpg
0e8ee63df42e6ace20f61749b4f6274b;29;PH;MALE;photo_22;0e8ee63df42e6ace20f61749b4f6274b/photo_22.jpg
0e8ee63df42e6ace20f61749b4f6274b;29;PH;MALE;photo_23;0e8ee63df42e6ace20f61749b4f6274b/photo_23.jpg
0e8ee63df42e6ace20f61749b4f6274b;29;PH;MALE;photo_24;0e8ee63df42e6ace20f61749b4f6274b/photo_24.jpg
0e8ee63df42e6ace20f61749b4f6274b;29;PH;MALE;photo_25;0e8ee63df42e6ace20f61749b4f6274b/photo_25.jpg
0e8ee63df42e6ace20f61749b4f6274b;29;PH;MALE;photo_26;0e8ee63df42e6ace20f61749b4f6274b/photo_26.jpg
0efc517454612e3e80624b95b93fc5d0;19;PH;FEMALE;portrait_1;0efc517454612e3e80624b95b93fc5d0/portrait_1.jpg
0efc517454612e3e80624b95b93fc5d0;19;PH;FEMALE;photo_1;0efc517454612e3e80624b95b93fc5d0/photo_1.jpg
0efc517454612e3e80624b95b93fc5d0;19;PH;FEMALE;photo_2;0efc517454612e3e80624b95b93fc5d0/photo_2.jpeg
0efc517454612e3e80624b95b93fc5d0;19;PH;FEMALE;photo_3;0efc517454612e3e80624b95b93fc5d0/photo_3.jpeg
0efc517454612e3e80624b95b93fc5d0;19;PH;FEMALE;photo_4;0efc517454612e3e80624b95b93fc5d0/photo_4.jpeg
0efc517454612e3e80624b95b93fc5d0;19;PH;FEMALE;photo_5;0efc517454612e3e80624b95b93fc5d0/photo_5.jpg
0efc517454612e3e80624b95b93fc5d0;19;PH;FEMALE;photo_6;0efc517454612e3e80624b95b93fc5d0/photo_6.jpg
0efc517454612e3e80624b95b93fc5d0;19;PH;FEMALE;photo_7;0efc517454612e3e80624b95b93fc5d0/photo_7.jpg
0efc517454612e3e80624b95b93fc5d0;19;PH;FEMALE;photo_8;0efc517454612e3e80624b95b93fc5d0/photo_8.jpg
0efc517454612e3e80624b95b93fc5d0;19;PH;FEMALE;photo_9;0efc517454612e3e80624b95b93fc5d0/photo_9.jpg
0efc517454612e3e80624b95b93fc5d0;19;PH;FEMALE;photo_10;0efc517454612e3e80624b95b93fc5d0/photo_10.jpg
0efc517454612e3e80624b95b93fc5d0;19;PH;FEMALE;photo_11;0efc517454612e3e80624b95b93fc5d0/photo_11.jpg
0efc517454612e3e80624b95b93fc5d0;19;PH;FEMALE;photo_12;0efc517454612e3e80624b95b93fc5d0/photo_12.jpg
0efc517454612e3e80624b95b93fc5d0;19;PH;FEMALE;photo_13;0efc517454612e3e80624b95b93fc5d0/photo_13.jpg
0efc517454612e3e80624b95b93fc5d0;19;PH;FEMALE;photo_14;0efc517454612e3e80624b95b93fc5d0/photo_14.jpg
0efc517454612e3e80624b95b93fc5d0;19;PH;FEMALE;photo_15;0efc517454612e3e80624b95b93fc5d0/photo_15.jpg
0efc517454612e3e80624b95b93fc5d0;19;PH;FEMALE;photo_16;0efc517454612e3e80624b95b93fc5d0/photo_16.jpg
0efc517454612e3e80624b95b93fc5d0;19;PH;FEMALE;photo_17;0efc517454612e3e80624b95b93fc5d0/photo_17.jpg
0efc517454612e3e80624b95b93fc5d0;19;PH;FEMALE;photo_18;0efc517454612e3e80624b95b93fc5d0/photo_18.jpg
0efc517454612e3e80624b95b93fc5d0;19;PH;FEMALE;photo_19;0efc517454612e3e80624b95b93fc5d0/photo_19.jpg
0efc517454612e3e80624b95b93fc5d0;19;PH;FEMALE;photo_20;0efc517454612e3e80624b95b93fc5d0/photo_20.jpg
0efc517454612e3e80624b95b93fc5d0;19;PH;FEMALE;photo_21;0efc517454612e3e80624b95b93fc5d0/photo_21.jpg
0efc517454612e3e80624b95b93fc5d0;19;PH;FEMALE;photo_22;0efc517454612e3e80624b95b93fc5d0/photo_22.jpg
0efc517454612e3e80624b95b93fc5d0;19;PH;FEMALE;photo_23;0efc517454612e3e80624b95b93fc5d0/photo_23.jpg
0efc517454612e3e80624b95b93fc5d0;19;PH;FEMALE;photo_24;0efc517454612e3e80624b95b93fc5d0/photo_24.jpg
0efc517454612e3e80624b95b93fc5d0;19;PH;FEMALE;photo_25;0efc517454612e3e80624b95b93fc5d0/photo_25.jpg
0efc517454612e3e80624b95b93fc5d0;19;PH;FEMALE;photo_26;0efc517454612e3e80624b95b93fc5d0/photo_26.jpg
0ff4d24098b3110ecfc0a7198e080a4b;24;BY;FEMALE;portrait_1;0ff4d24098b3110ecfc0a7198e080a4b/portrait_1.jpg
0ff4d24098b3110ecfc0a7198e080a4b;24;BY;FEMALE;photo_1;0ff4d24098b3110ecfc0a7198e080a4b/photo_1.jpg
0ff4d24098b3110ecfc0a7198e080a4b;24;BY;FEMALE;photo_2;0ff4d24098b3110ecfc0a7198e080a4b/photo_2.jpg
0ff4d24098b3110ecfc0a7198e080a4b;24;BY;FEMALE;photo_3;0ff4d24098b3110ecfc0a7198e080a4b/photo_3.jpg
0ff4d24098b3110ecfc0a7198e080a4b;24;BY;FEMALE;photo_4;0ff4d24098b3110ecfc0a7198e080a4b/photo_4.jpg
0ff4d24098b3110ecfc0a7198e080a4b;24;BY;FEMALE;photo_5;0ff4d24098b3110ecfc0a7198e080a4b/photo_5.jpg
0ff4d24098b3110ecfc0a7198e080a4b;24;BY;FEMALE;photo_6;0ff4d24098b3110ecfc0a7198e080a4b/photo_6.jpg
0ff4d24098b3110ecfc0a7198e080a4b;24;BY;FEMALE;photo_7;0ff4d24098b3110ecfc0a7198e080a4b/photo_7.jpg
0ff4d24098b3110ecfc0a7198e080a4b;24;BY;FEMALE;photo_8;0ff4d24098b3110ecfc0a7198e080a4b/photo_8.jpg
0ff4d24098b3110ecfc0a7198e080a4b;24;BY;FEMALE;photo_9;0ff4d24098b3110ecfc0a7198e080a4b/photo_9.jpg
0ff4d24098b3110ecfc0a7198e080a4b;24;BY;FEMALE;photo_10;0ff4d24098b3110ecfc0a7198e080a4b/photo_10.jpg
0ff4d24098b3110ecfc0a7198e080a4b;24;BY;FEMALE;photo_11;0ff4d24098b3110ecfc0a7198e080a4b/photo_11.jpg
0ff4d24098b3110ecfc0a7198e080a4b;24;BY;FEMALE;photo_12;0ff4d24098b3110ecfc0a7198e080a4b/photo_12.jpg
0ff4d24098b3110ecfc0a7198e080a4b;24;BY;FEMALE;photo_13;0ff4d24098b3110ecfc0a7198e080a4b/photo_13.jpg
0ff4d24098b3110ecfc0a7198e080a4b;24;BY;FEMALE;photo_14;0ff4d24098b3110ecfc0a7198e080a4b/photo_14.jpg
0ff4d24098b3110ecfc0a7198e080a4b;24;BY;FEMALE;photo_15;0ff4d24098b3110ecfc0a7198e080a4b/photo_15.jpg
0ff4d24098b3110ecfc0a7198e080a4b;24;BY;FEMALE;photo_16;0ff4d24098b3110ecfc0a7198e080a4b/photo_16.jpg
0ff4d24098b3110ecfc0a7198e080a4b;24;BY;FEMALE;photo_17;0ff4d24098b3110ecfc0a7198e080a4b/photo_17.jpg
0ff4d24098b3110ecfc0a7198e080a4b;24;BY;FEMALE;photo_18;0ff4d24098b3110ecfc0a7198e080a4b/photo_18.jpg
0ff4d24098b3110ecfc0a7198e080a4b;24;BY;FEMALE;photo_19;0ff4d24098b3110ecfc0a7198e080a4b/photo_19.jpg
0ff4d24098b3110ecfc0a7198e080a4b;24;BY;FEMALE;photo_20;0ff4d24098b3110ecfc0a7198e080a4b/photo_20.jpg
0ff4d24098b3110ecfc0a7198e080a4b;24;BY;FEMALE;photo_21;0ff4d24098b3110ecfc0a7198e080a4b/photo_21.jpg
0ff4d24098b3110ecfc0a7198e080a4b;24;BY;FEMALE;photo_22;0ff4d24098b3110ecfc0a7198e080a4b/photo_22.jpg
0ff4d24098b3110ecfc0a7198e080a4b;24;BY;FEMALE;photo_23;0ff4d24098b3110ecfc0a7198e080a4b/photo_23.jpg
0ff4d24098b3110ecfc0a7198e080a4b;24;BY;FEMALE;photo_24;0ff4d24098b3110ecfc0a7198e080a4b/photo_24.jpg
0ff4d24098b3110ecfc0a7198e080a4b;24;BY;FEMALE;photo_25;0ff4d24098b3110ecfc0a7198e080a4b/photo_25.jpg
0ff4d24098b3110ecfc0a7198e080a4b;24;BY;FEMALE;photo_26;0ff4d24098b3110ecfc0a7198e080a4b/photo_26.jpg
1067911ca113c7980cd12b5b3ea4af54;35;PH;FEMALE;portrait_1;1067911ca113c7980cd12b5b3ea4af54/portrait_1.jpg
1067911ca113c7980cd12b5b3ea4af54;35;PH;FEMALE;photo_1;1067911ca113c7980cd12b5b3ea4af54/photo_1.webp
1067911ca113c7980cd12b5b3ea4af54;35;PH;FEMALE;photo_2;1067911ca113c7980cd12b5b3ea4af54/photo_2.webp
1067911ca113c7980cd12b5b3ea4af54;35;PH;FEMALE;photo_3;1067911ca113c7980cd12b5b3ea4af54/photo_3.webp
1067911ca113c7980cd12b5b3ea4af54;35;PH;FEMALE;photo_4;1067911ca113c7980cd12b5b3ea4af54/photo_4.jpg
1067911ca113c7980cd12b5b3ea4af54;35;PH;FEMALE;photo_5;1067911ca113c7980cd12b5b3ea4af54/photo_5.jpg
1067911ca113c7980cd12b5b3ea4af54;35;PH;FEMALE;photo_6;1067911ca113c7980cd12b5b3ea4af54/photo_6.webp
1067911ca113c7980cd12b5b3ea4af54;35;PH;FEMALE;photo_7;1067911ca113c7980cd12b5b3ea4af54/photo_7.webp
1067911ca113c7980cd12b5b3ea4af54;35;PH;FEMALE;photo_8;1067911ca113c7980cd12b5b3ea4af54/photo_8.webp
1067911ca113c7980cd12b5b3ea4af54;35;PH;FEMALE;photo_9;1067911ca113c7980cd12b5b3ea4af54/photo_9.webp
1067911ca113c7980cd12b5b3ea4af54;35;PH;FEMALE;photo_10;1067911ca113c7980cd12b5b3ea4af54/photo_10.webp
1067911ca113c7980cd12b5b3ea4af54;35;PH;FEMALE;photo_11;1067911ca113c7980cd12b5b3ea4af54/photo_11.jpg
1067911ca113c7980cd12b5b3ea4af54;35;PH;FEMALE;photo_12;1067911ca113c7980cd12b5b3ea4af54/photo_12.jpg
1067911ca113c7980cd12b5b3ea4af54;35;PH;FEMALE;photo_13;1067911ca113c7980cd12b5b3ea4af54/photo_13.jpg
1067911ca113c7980cd12b5b3ea4af54;35;PH;FEMALE;photo_14;1067911ca113c7980cd12b5b3ea4af54/photo_14.jpg
1067911ca113c7980cd12b5b3ea4af54;35;PH;FEMALE;photo_15;1067911ca113c7980cd12b5b3ea4af54/photo_15.jpg
1067911ca113c7980cd12b5b3ea4af54;35;PH;FEMALE;photo_16;1067911ca113c7980cd12b5b3ea4af54/photo_16.jpg
1067911ca113c7980cd12b5b3ea4af54;35;PH;FEMALE;photo_17;1067911ca113c7980cd12b5b3ea4af54/photo_17.jpg
1067911ca113c7980cd12b5b3ea4af54;35;PH;FEMALE;photo_18;1067911ca113c7980cd12b5b3ea4af54/photo_18.jpg
1067911ca113c7980cd12b5b3ea4af54;35;PH;FEMALE;photo_19;1067911ca113c7980cd12b5b3ea4af54/photo_19.jpg
1067911ca113c7980cd12b5b3ea4af54;35;PH;FEMALE;photo_20;1067911ca113c7980cd12b5b3ea4af54/photo_20.jpg
1067911ca113c7980cd12b5b3ea4af54;35;PH;FEMALE;photo_21;1067911ca113c7980cd12b5b3ea4af54/photo_21.webp
1067911ca113c7980cd12b5b3ea4af54;35;PH;FEMALE;photo_22;1067911ca113c7980cd12b5b3ea4af54/photo_22.jpg
1067911ca113c7980cd12b5b3ea4af54;35;PH;FEMALE;photo_23;1067911ca113c7980cd12b5b3ea4af54/photo_23.jpg
1067911ca113c7980cd12b5b3ea4af54;35;PH;FEMALE;photo_24;1067911ca113c7980cd12b5b3ea4af54/photo_24.jpg
1067911ca113c7980cd12b5b3ea4af54;35;PH;FEMALE;photo_25;1067911ca113c7980cd12b5b3ea4af54/photo_25.jpg
1067911ca113c7980cd12b5b3ea4af54;35;PH;FEMALE;photo_26;1067911ca113c7980cd12b5b3ea4af54/photo_26.webp
10b32095dd911e24bfc46d2c4e23b5aa;28;NP;MALE;portrait_1;10b32095dd911e24bfc46d2c4e23b5aa/portrait_1.jpg
10b32095dd911e24bfc46d2c4e23b5aa;28;NP;MALE;photo_1;10b32095dd911e24bfc46d2c4e23b5aa/photo_1.jpg
10b32095dd911e24bfc46d2c4e23b5aa;28;NP;MALE;photo_2;10b32095dd911e24bfc46d2c4e23b5aa/photo_2.jpg
10b32095dd911e24bfc46d2c4e23b5aa;28;NP;MALE;photo_3;10b32095dd911e24bfc46d2c4e23b5aa/photo_3.jpg
10b32095dd911e24bfc46d2c4e23b5aa;28;NP;MALE;photo_4;10b32095dd911e24bfc46d2c4e23b5aa/photo_4.jpg
10b32095dd911e24bfc46d2c4e23b5aa;28;NP;MALE;photo_5;10b32095dd911e24bfc46d2c4e23b5aa/photo_5.jpg
10b32095dd911e24bfc46d2c4e23b5aa;28;NP;MALE;photo_6;10b32095dd911e24bfc46d2c4e23b5aa/photo_6.jpg
10b32095dd911e24bfc46d2c4e23b5aa;28;NP;MALE;photo_7;10b32095dd911e24bfc46d2c4e23b5aa/photo_7.jpg
10b32095dd911e24bfc46d2c4e23b5aa;28;NP;MALE;photo_8;10b32095dd911e24bfc46d2c4e23b5aa/photo_8.jpg
10b32095dd911e24bfc46d2c4e23b5aa;28;NP;MALE;photo_9;10b32095dd911e24bfc46d2c4e23b5aa/photo_9.jpg
10b32095dd911e24bfc46d2c4e23b5aa;28;NP;MALE;photo_10;10b32095dd911e24bfc46d2c4e23b5aa/photo_10.jpg
10b32095dd911e24bfc46d2c4e23b5aa;28;NP;MALE;photo_11;10b32095dd911e24bfc46d2c4e23b5aa/photo_11.jpg
10b32095dd911e24bfc46d2c4e23b5aa;28;NP;MALE;photo_12;10b32095dd911e24bfc46d2c4e23b5aa/photo_12.gif
10b32095dd911e24bfc46d2c4e23b5aa;28;NP;MALE;photo_13;10b32095dd911e24bfc46d2c4e23b5aa/photo_13.jpg
10b32095dd911e24bfc46d2c4e23b5aa;28;NP;MALE;photo_14;10b32095dd911e24bfc46d2c4e23b5aa/photo_14.jpg
10b32095dd911e24bfc46d2c4e23b5aa;28;NP;MALE;photo_15;10b32095dd911e24bfc46d2c4e23b5aa/photo_15.JPG
10b32095dd911e24bfc46d2c4e23b5aa;28;NP;MALE;photo_16;10b32095dd911e24bfc46d2c4e23b5aa/photo_16.jpg
10b32095dd911e24bfc46d2c4e23b5aa;28;NP;MALE;photo_17;10b32095dd911e24bfc46d2c4e23b5aa/photo_17.jpg
10b32095dd911e24bfc46d2c4e23b5aa;28;NP;MALE;photo_18;10b32095dd911e24bfc46d2c4e23b5aa/photo_18.jpg
10b32095dd911e24bfc46d2c4e23b5aa;28;NP;MALE;photo_19;10b32095dd911e24bfc46d2c4e23b5aa/photo_19.jpg
10b32095dd911e24bfc46d2c4e23b5aa;28;NP;MALE;photo_20;10b32095dd911e24bfc46d2c4e23b5aa/photo_20.jpg
10b32095dd911e24bfc46d2c4e23b5aa;28;NP;MALE;photo_21;10b32095dd911e24bfc46d2c4e23b5aa/photo_21.jpg
10b32095dd911e24bfc46d2c4e23b5aa;28;NP;MALE;photo_22;10b32095dd911e24bfc46d2c4e23b5aa/photo_22.jpg
10b32095dd911e24bfc46d2c4e23b5aa;28;NP;MALE;photo_23;10b32095dd911e24bfc46d2c4e23b5aa/photo_23.jpg
10b32095dd911e24bfc46d2c4e23b5aa;28;NP;MALE;photo_24;10b32095dd911e24bfc46d2c4e23b5aa/photo_24.JPG
10b32095dd911e24bfc46d2c4e23b5aa;28;NP;MALE;photo_25;10b32095dd911e24bfc46d2c4e23b5aa/photo_25.jpg
10b32095dd911e24bfc46d2c4e23b5aa;28;NP;MALE;photo_26;10b32095dd911e24bfc46d2c4e23b5aa/photo_26.jpg
10dc56f24b708a7338aa018d5099555e;27;NG;MALE;portrait_1;10dc56f24b708a7338aa018d5099555e/portrait_1.jpg
10dc56f24b708a7338aa018d5099555e;27;NG;MALE;photo_1;10dc56f24b708a7338aa018d5099555e/photo_1.jpg
10dc56f24b708a7338aa018d5099555e;27;NG;MALE;photo_2;10dc56f24b708a7338aa018d5099555e/photo_2.jpg
10dc56f24b708a7338aa018d5099555e;27;NG;MALE;photo_3;10dc56f24b708a7338aa018d5099555e/photo_3.jpg
10dc56f24b708a7338aa018d5099555e;27;NG;MALE;photo_4;10dc56f24b708a7338aa018d5099555e/photo_4.jpg
10dc56f24b708a7338aa018d5099555e;27;NG;MALE;photo_5;10dc56f24b708a7338aa018d5099555e/photo_5.jpg
10dc56f24b708a7338aa018d5099555e;27;NG;MALE;photo_6;10dc56f24b708a7338aa018d5099555e/photo_6.jpg
10dc56f24b708a7338aa018d5099555e;27;NG;MALE;photo_7;10dc56f24b708a7338aa018d5099555e/photo_7.jpg
10dc56f24b708a7338aa018d5099555e;27;NG;MALE;photo_8;10dc56f24b708a7338aa018d5099555e/photo_8.jpg
10dc56f24b708a7338aa018d5099555e;27;NG;MALE;photo_9;10dc56f24b708a7338aa018d5099555e/photo_9.jpeg
10dc56f24b708a7338aa018d5099555e;27;NG;MALE;photo_10;10dc56f24b708a7338aa018d5099555e/photo_10.jpg
10dc56f24b708a7338aa018d5099555e;27;NG;MALE;photo_11;10dc56f24b708a7338aa018d5099555e/photo_11.jpeg
10dc56f24b708a7338aa018d5099555e;27;NG;MALE;photo_12;10dc56f24b708a7338aa018d5099555e/photo_12.jpg
10dc56f24b708a7338aa018d5099555e;27;NG;MALE;photo_13;10dc56f24b708a7338aa018d5099555e/photo_13.jpg
10dc56f24b708a7338aa018d5099555e;27;NG;MALE;photo_14;10dc56f24b708a7338aa018d5099555e/photo_14.jpg
10dc56f24b708a7338aa018d5099555e;27;NG;MALE;photo_15;10dc56f24b708a7338aa018d5099555e/photo_15.jpg
10dc56f24b708a7338aa018d5099555e;27;NG;MALE;photo_16;10dc56f24b708a7338aa018d5099555e/photo_16.jpg
10dc56f24b708a7338aa018d5099555e;27;NG;MALE;photo_17;10dc56f24b708a7338aa018d5099555e/photo_17.jpg
10dc56f24b708a7338aa018d5099555e;27;NG;MALE;photo_18;10dc56f24b708a7338aa018d5099555e/photo_18.jpg
10dc56f24b708a7338aa018d5099555e;27;NG;MALE;photo_19;10dc56f24b708a7338aa018d5099555e/photo_19.jpg
10dc56f24b708a7338aa018d5099555e;27;NG;MALE;photo_20;10dc56f24b708a7338aa018d5099555e/photo_20.jpg
10dc56f24b708a7338aa018d5099555e;27;NG;MALE;photo_21;10dc56f24b708a7338aa018d5099555e/photo_21.jpg
10dc56f24b708a7338aa018d5099555e;27;NG;MALE;photo_22;10dc56f24b708a7338aa018d5099555e/photo_22.jpg
10dc56f24b708a7338aa018d5099555e;27;NG;MALE;photo_23;10dc56f24b708a7338aa018d5099555e/photo_23.jpg
10dc56f24b708a7338aa018d5099555e;27;NG;MALE;photo_24;10dc56f24b708a7338aa018d5099555e/photo_24.jpg
10dc56f24b708a7338aa018d5099555e;27;NG;MALE;photo_25;10dc56f24b708a7338aa018d5099555e/photo_25.jpg
10dc56f24b708a7338aa018d5099555e;27;NG;MALE;photo_26;10dc56f24b708a7338aa018d5099555e/photo_26.jpg
